ES_MAIN_NOISE,ES_MAIN_GAIN_40,ES_MAIN_GAIN_60,ES_MAIN_GAIN_LOW,ES_MAIN_BW,SS_AOUT1_NOISE,SS_AOUT1_GAIN_40,SS_AOUT1_GAIN_60,SS_AOUT1_GAIN_LOW,SS_AOUT1_BW,SS_ADC1,SS_AOUT2_NOISE,SS_AOUT2_GAIN_40,SS_AOUT2_GAIN_60,SS_AOUT2_GAIN_LOW,SS_AOUT2_BW,SS_ADC2
0.13480926124454162,-40.9133193211687,-60.86035521438147,-53.87221004811813,"[-55.23498151538905, -54.68334072362708, -60.8887291177001]",0.13412406111248748,-39.48676957351239,-59.43695165540625,-50.79625966819936,"[-54.889667006501796, -54.100816704256644, -60.930948374197385]",1.5504486357809926,0.13133780410279808,-39.63532091764663,-59.68516083373775,-51.089565711382654,"[-55.39078606743142, -54.23546723658881, -61.23860594048595]",1.548983702618568
