BRD_ID,MAIN_NOISE,MAIN_GAIN_60,MAIN_GAIN_LOW,MAIN_BW,LIM_NOISE,LIM_BW
18,0.10085191107799268,-93.23387455262953,-0.48696294475060276,"[-93.6384840509167, -7.054270429017379, -6.668506057498661]",0.24753752844939467,"[-88.44719025313341, -2.335348069104171, 7.66114890322126]"
18,,,,"[-93.1487505254299, -6.518715878166631, -5.905592880479574]",,
18,0.1767870947226982,-93.25754035161219,0.13838150025056362,"[-93.26467282947561, -6.746562739497989, -6.104411167103606]",0.17721234051903478,"[-88.52025724486242, -2.4815458462450692, -2.6560221101164814]"
18,0.15639185651810966,-93.22501252033591,0.13461248740499387,"[-93.27531700856562, -6.691822238121404, -6.360740096603649]",0.23650022741972823,"[-88.51790286021527, -2.535161404931216, -2.696784464229239]"
18,0.1578560015661238,-93.19368100903665,0.13096706480300147,"[-93.27342800498721, -6.704465283049458, -6.375339893535298]",0.13115448717020997,"[-88.52677287161359, -2.508095001155752, -2.6936356670234147]"
