ES_MAIN_NOISE,ES_MAIN_GAIN_40,ES_MAIN_GAIN_60,ES_MAIN_GAIN_LOW,ES_MAIN_BW,SS_AOUT1_NOISE,SS_AOUT1_GAIN_40,SS_AOUT1_GAIN_60,SS_AOUT1_GAIN_LOW,SS_AOUT1_BW,SS_ADC1,SS_AOUT2_NOISE,SS_AOUT2_GAIN_40,SS_AOUT2_GAIN_60,SS_AOUT2_GAIN_LOW,SS_AOUT2_BW,SS_ADC2
0.13480926124454162,-40.9133193211687,-60.86035521438147,-53.87221004811813,"[-55.23498151538905, -54.68334072362708, -60.8887291177001]",0.13412406111248748,-39.48676957351239,-59.43695165540625,-50.79625966819936,"[-54.889667006501796, -54.100816704256644, -60.930948374197385]",1.5504486357809926,0.13133780410279808,-39.63532091764663,-59.68516083373775,-51.089565711382654,"[-55.39078606743142, -54.23546723658881, -61.23860594048595]",1.548983702618568
0.1734582043520558,-40.77717142993635,-60.83988530738357,-53.87425221216516,"[-55.20296758795727, -54.767635722010944, -60.87640846668822]",0.1308060263473772,-39.53510244733751,-59.447366518064044,-50.7761784305077,"[-54.94785085873734, -54.10802288812021, -60.932171367795135]",1.5500824024903863,0.13216868379874744,-39.62685318120234,-59.74581776754953,-51.075291617682616,"[-55.35496137943614, -54.227239560536155, -61.25886058238841]",1.549349935909174
0.1110980159868091,-40.831058165389145,-60.855242427211344,-53.83709412920632,"[-55.16192500459142, -54.75306450845089, -60.879573361865425]",,,,,,,,,,,,
0.15610110920919923,-40.85114161789007,-60.87901346339667,-53.8878806170511,"[-55.04180188351975, -54.742734020709364, -60.90658517034831]",0.12663448502437735,-39.523031094092886,-59.400753680492656,-50.827230688951055,"[-55.09445102596417, -54.1202230304846, -60.90234919837113]",1.5498992858450833,0.1502988147059889,-39.574116134734226,-59.735619115434666,-51.164978936536684,"[-55.36590083326567, -54.225883948011706, -61.26276029406651]",1.5497161691997803
0.1608605417969252,-40.91438936089142,-60.916857400928265,-53.91562850252423,"[-54.96523062600553, -54.73996000116852, -60.888010375555545]",0.13988170412455894,-39.54505951859863,-59.43440177539361,-50.74463761258852,"[-54.91262491525758, -54.123098468978526, -60.932974654751376]",1.548983702618568,0.14142567328018246,-39.58911881187285,-59.70523467803858,-51.089832308840286,"[-55.21278437521714, -54.22024834499052, -61.24910109753556]",1.5509979857169016
